{
  "indexes": [
    {
      "collectionGroup": "invoices",
      "queryScope": "COLLECTION",
      "fields": [
        { "fieldPath": "customerId", "order": "ASCENDING" },
        { "fieldPath": "balanceDue", "order": "ASCENDING" },
        { "fieldPath": "status", "order": "ASCENDING" },
        { "fieldPath": "__name__", "order": "ASCENDING" }
      ]
    },
    {
      "collectionGroup": "invoices",
      "queryScope": "COLLECTION",
      "fields": [
        { "fieldPath": "customerId", "order": "ASCENDING" },
        { "fieldPath": "status", "order": "ASCENDING" },
        { "fieldPath": "date", "order": "ASCENDING" },
        { "fieldPath": "balanceDue", "order": "ASCENDING" },
        { "fieldPath": "__name__", "order": "ASCENDING" }
      ]
    },
    {
      "collectionGroup": "invoices",
      "queryScope": "COLLECTION",
      "fields": [
        { "fieldPath": "balanceDue", "order": "ASCENDING" },
        { "fieldPath": "status", "order": "ASCENDING" },
        { "fieldPath": "__name__", "order": "ASCENDING" }
      ]
    },
    {
      "collectionGroup": "invoices",
      "queryScope": "COLLECTION",
      "fields": [
        { "fieldPath": "status", "order": "ASCENDING" },
        { "fieldPath": "date", "order": "DESCENDING" },
        { "fieldPath": "__name__", "order": "DESCENDING" }
      ]
    },
    {
      "collectionGroup": "invoices",
      "queryScope": "COLLECTION_GROUP",
      "fields": [
        { "fieldPath": "status", "order": "ASCENDING" },
        { "fieldPath": "balanceDue", "order": "ASCENDING" },
        { "fieldPath": "__name__", "order": "ASCENDING" }
      ]
    }
  ],
  "fieldOverrides": []
}

