
{
      "apphosting": {
        "backendId": "delfencebackend",
        "secretEnvironmentVariables": [
          {
            "key": "GEMINI_API_KEY",
            "secret": "Firebase-Delfenceinvkey"
          }
        ],
        "rootDir": "/",
        "ignore": [
          "node_modules",
          ".git",
          "firebase-debug.log",
          "firebase-debug.*.log",
          "functions"
        ],
        "alwaysDeployFromSource": true
      },
      "firestore": {
        "rules": "firestore.rules",
        "indexes": "firestore.indexes.json"
      },
      "functions": {
        "source": "functions",
        "codebase": "default",
        "ignore": [
          "node_modules",
          ".git",
          "firebase-debug.log",
          "firebase-debug.*.log",
          "*.local",
          "firebase-debug.log",
          "firebase-debug.*.log",
          ".runtimeconfig.json",
          "workspace/**"
        ],
        "predeploy": [
          "npm --prefix \"$RESOURCE_DIR\" run lint",
          "npm --prefix \"$RESOURCE_DIR\" run build"
        ]
      },
      "hosting": {
        "site": "delfenceinvoice",
        "ignore": [
          "firebase.json",
          "**/.*",
          "**/node_modules/**"
        ],
        "rewrites": [
          {
            "source": "**",
            "run": {
              "serviceId": "delfencebackend",
              "region": "us-central1",
              "pinTag": true
            }
          }
        ]
      }
    }
    
    
